,id,(,),{,},;,[,],=,float,int,if,else,while,for,do,break,continue,num,||,&&,==,!=,<,<=,>=,>,+,-,*,/,!,real,true,false,undefined,$,program,block,decls,decl,init,array,basic,stmts,stmt,loc,f_decl,f_bool,f_expr,bool,join,equality,rel,sexpr,expr,term,unary,factor
0,,,,,,,,,,s3,s4,,,,,,,,,,,,,,,,,,,,,,,,,,,1,,,,,,2,,,,,,,,,,,,,,,
1,,,,,,,,,,,,,,,,,,,,,,,,,,,,,,,,,,,,,acc,,,,,,,,,,,,,,,,,,,,,,
2,s5,,,,,,,,,,,,,,,,,,,,,,,,,,,,,,,,,,,,,,,,,,,,,,,,,,,,,,,,,,
3,r10,,,,,,,,,,,,,,,,,,,,,,,,,,,,,,,,,,,,,,,,,,,,,,,,,,,,,,,,,,
4,r11,,,,,,,,,,,,,,,,,,,,,,,,,,,,,,,,,,,,,,,,,,,,,,,,,,,,,,,,,,
5,,s6,,,,,,,,,,,,,,,,,,,,,,,,,,,,,,,,,,,,,,,,,,,,,,,,,,,,,,,,,
6,,,s7,,,,,,,,,,,,,,,,,,,,,,,,,,,,,,,,,,,,,,,,,,,,,,,,,,,,,,,,
7,,,,s9,,,,,,,,,,,,,,,,,,,,,,,,,,,,,,,,,,,8,,,,,,,,,,,,,,,,,,,,
8,,,,,,,,,,,,,,,,,,,,,,,,,,,,,,,,,,,,,r1,,,,,,,,,,,,,,,,,,,,,,
9,r4,,,r4,r4,,,,,r4,r4,r4,,r4,r4,r4,r4,r4,,,,,,,,,,,,,,,,,,,,,,10,,,,,,,,,,,,,,,,,,,
10,r13,,,r13,r13,,,,,s3,s4,r13,r13,r13,r13,r13,r13,r13,,,,,,,,,,,,,,,,,,,,,,,12,14,,13,11,,,,,,,,,,,,,,
11,s25,,,s9,s15,,,,,,,s18,,s19,s20,s21,s22,s23,,,,,,,,,,,,,,,,,,,,,24,,,,,,,16,17,,,,,,,,,,,,
12,r3,,,r3,r3,,,,,r3,r3,r3,,r3,r3,r3,r3,r3,,,,,,,,,,,,,,,,,,,,,,,,,,,,,,,,,,,,,,,,,
13,s26,,,,,,,,,,,,,,,,,,,,,,,,,,,,,,,,,,,,,,,,,,,,,,,,,,,,,,,,,,
14,r6,r6,,r6,r6,r6,,,,r6,r6,r6,,r6,r6,r6,r6,r6,r6,,,,,,,,,,r6,,,r6,r6,r6,r6,,,,,,,,,,,,,,,,,,,,,,,,
15,r2,,,r2,r2,,,,,,,r2,r2,r2,r2,r2,r2,r2,,,,,,,,,,,,,,,,,,,r2,,,,,,,,,,,,,,,,,,,,,,
16,r12,,,r12,r12,,,,,,,r12,,r12,r12,r12,r12,r12,,,,,,,,,,,,,,,,,,,,,,,,,,,,,,,,,,,,,,,,,
17,,,,,,,s29,,s28,,,,,,,,,,,,,,,,,,,,,,,,,,,,,,,,,,,,,,,,,,,,,,,,,,
18,,s30,,,,,,,,,,,,,,,,,,,,,,,,,,,,,,,,,,,,,,,,,,,,,,,,,,,,,,,,,
19,,s31,,,,,,,,,,,,,,,,,,,,,,,,,,,,,,,,,,,,,,,,,,,,,,,,,,,,,,,,,
20,,s32,,,,,,,,,,,,,,,,,,,,,,,,,,,,,,,,,,,,,,,,,,,,,,,,,,,,,,,,,
21,s25,,,s9,,,,,,,,s18,,s19,s20,s21,s22,s23,,,,,,,,,,,,,,,,,,,,,24,,,,,,,33,17,,,,,,,,,,,,
22,,,,,,s34,,,,,,,,,,,,,,,,,,,,,,,,,,,,,,,,,,,,,,,,,,,,,,,,,,,,,
23,,,,,,s35,,,,,,,,,,,,,,,,,,,,,,,,,,,,,,,,,,,,,,,,,,,,,,,,,,,,,
24,r22,,,r22,r22,,,,,,,r22,r22,r22,r22,r22,r22,r22,,,,,,,,,,,,,,,,,,,,,,,,,,,,,,,,,,,,,,,,,
25,,,r24,,,r24,r24,,r24,,,,,,,,,,,r24,r24,r24,r24,r24,r24,r24,r24,r24,r24,r24,r24,,,,,,,,,,,,,,,,,,,,,,,,,,,,
26,,,,,,r8,s38,,s37,,,,,,,,,,,,,,,,,,,,,,,,,,,,,,,,,,36,,,,,,,,,,,,,,,,
27,r6,r6,,r6,r6,r6,,,,r6,r6,r6,,r6,r6,r6,r6,r6,r6,,,,,,,,,,r6,,,r6,r6,r6,r6,,,,,,,,,,,,,,,,,,,,,,,,
28,s25,s45,,,,,,,,,,,,,,,,,s47,,,,,,,,,,s43,,,s42,s48,s49,s50,,,,,,,,,,,,46,,,,,,,,,39,40,41,44
29,,,,,,,,,,,,,,,,,,,s51,,,,,,,,,,,,,,,,,,,,,,,,,,,,,,,,,,,,,,,,
30,s25,s45,,,,,,,,,,,,,,,,,s47,,,,,,,,,,s43,,,s42,s48,s49,s50,,,,,,,,,,,,46,,,,52,53,54,55,56,57,40,41,44
31,s25,s45,,,,,,,,,,,,,,,,,s47,,,,,,,,,,s43,,,s42,s48,s49,s50,,,,,,,,,,,,46,,,,58,53,54,55,56,57,40,41,44
32,,,,,,s61,,,,s3,s4,,,,,,,,,,,,,,,,,,,,,,,,,,,,,,60,14,,13,,,,59,,,,,,,,,,,
33,,,,,,,,,,,,,,s62,,,,,,,,,,,,,,,,,,,,,,,,,,,,,,,,,,,,,,,,,,,,,
34,r20,,,r20,r20,,,,,,,r20,r20,r20,r20,r20,r20,r20,,,,,,,,,,,,,,,,,,,,,,,,,,,,,,,,,,,,,,,,,
35,r21,,,r21,r21,,,,,,,r21,r21,r21,r21,r21,r21,r21,,,,,,,,,,,,,,,,,,,,,,,,,,,,,,,,,,,,,,,,,
36,,,,,,s63,,,,,,,,,,,,,,,,,,,,,,,,,,,,,,,,,,,,,,,,,,,,,,,,,,,,,
37,s25,s45,,,,,,,,,,,,,,,,,s47,,,,,,,,,,s43,,,s42,s48,s49,s50,,,,,,,,,,,,46,,,,,,,,,64,40,41,44
38,,,,,,,,,,,,,,,,,,,s65,,,,,,,,,,,,,,,,,,,,,,,,,,,,,,,,,,,,,,,,
39,,,,,,s66,,,,,,,,,,,,,,,,,,,,,,s67,s68,,,,,,,,,,,,,,,,,,,,,,,,,,,,,,
40,,,r46,,,r46,,,,,,,,,,,,,,r46,r46,r46,r46,r46,r46,r46,r46,r46,r46,s69,s70,,,,,,,,,,,,,,,,,,,,,,,,,,,,
41,,,r49,,,r49,,,,,,,,,,,,,,r49,r49,r49,r49,r49,r49,r49,r49,r49,r49,r49,r49,,,,,,,,,,,,,,,,,,,,,,,,,,,,
42,s25,s45,,,,,,,,,,,,,,,,,s47,,,,,,,,,,s43,,,s42,s48,s49,s50,,,,,,,,,,,,46,,,,,,,,,,,71,44
43,s25,s45,,,,,,,,,,,,,,,,,s47,,,,,,,,,,s43,,,s42,s48,s49,s50,,,,,,,,,,,,46,,,,,,,,,,,72,44
44,,,r52,,,r52,,,,,,,,,,,,,,r52,r52,r52,r52,r52,r52,r52,r52,r52,r52,r52,r52,,,,,,,,,,,,,,,,,,,,,,,,,,,,
45,s25,s45,,,,,,,,,,,,,,,,,s47,,,,,,,,,,s43,,,s42,s48,s49,s50,,,,,,,,,,,,46,,,,,,,,,73,40,41,44
46,,,r54,,,r54,s29,,,,,,,,,,,,,r54,r54,r54,r54,r54,r54,r54,r54,r54,r54,r54,r54,,,,,,,,,,,,,,,,,,,,,,,,,,,,
47,,,r55,,,r55,,,,,,,,,,,,,,r55,r55,r55,r55,r55,r55,r55,r55,r55,r55,r55,r55,,,,,,,,,,,,,,,,,,,,,,,,,,,,
48,,,r56,,,r56,,,,,,,,,,,,,,r56,r56,r56,r56,r56,r56,r56,r56,r56,r56,r56,r56,,,,,,,,,,,,,,,,,,,,,,,,,,,,
49,,,r57,,,r57,,,,,,,,,,,,,,r57,r57,r57,r57,r57,r57,r57,r57,r57,r57,r57,r57,,,,,,,,,,,,,,,,,,,,,,,,,,,,
50,,,r58,,,r58,,,,,,,,,,,,,,r58,r58,r58,r58,r58,r58,r58,r58,r58,r58,r58,r58,,,,,,,,,,,,,,,,,,,,,,,,,,,,
51,,,,,,,,s74,,,,,,,,,,,,,,,,,,,,,,,,,,,,,,,,,,,,,,,,,,,,,,,,,,,
52,,,s75,,,,,,,,,,,,,,,,,s76,,,,,,,,,,,,,,,,,,,,,,,,,,,,,,,,,,,,,,,
53,,,r32,,,r32,,,,,,,,,,,,,,r32,s77,,,,,,,,,,,,,,,,,,,,,,,,,,,,,,,,,,,,,,
54,,,r34,,,r34,,,,,,,,,,,,,,r34,r34,s78,s79,,,,,,,,,,,,,,,,,,,,,,,,,,,,,,,,,,,,
55,,,r37,,,r37,,,,,,,,,,,,,,r37,r37,r37,r37,,,,,,,,,,,,,,,,,,,,,,,,,,,,,,,,,,,,
56,,,r42,,,r42,,,,,,,,,,,,,,r42,r42,r42,r42,s80,s81,s82,s83,,,,,,,,,,,,,,,,,,,,,,,,,,,,,,,,
57,,,r43,,,r43,,,,,,,,,,,,,,r43,r43,r43,r43,r43,r43,r43,r43,s67,s68,,,,,,,,,,,,,,,,,,,,,,,,,,,,,,
58,,,s84,,,,,,,,,,,,,,,,,s76,,,,,,,,,,,,,,,,,,,,,,,,,,,,,,,,,,,,,,,
59,s25,s45,,,,r27,,,,,,,,,,,,,s47,,,,,,,,,,s43,,,s42,s48,s49,s50,,,,,,,,,,,,46,,85,,86,53,54,55,56,57,40,41,44
60,r25,r25,,,,r25,,,,,,,,,,,,,r25,,,,,,,,,,r25,,,r25,r25,r25,r25,,,,,,,,,,,,,,,,,,,,,,,,
61,r26,r26,,,,r26,,,,,,,,,,,,,r26,,,,,,,,,,r26,,,r26,r26,r26,r26,,,,,,,,,,,,,,,,,,,,,,,,
62,,s87,,,,,,,,,,,,,,,,,,,,,,,,,,,,,,,,,,,,,,,,,,,,,,,,,,,,,,,,,
63,r5,r5,,r5,r5,r5,,,,r5,r5,r5,,r5,r5,r5,r5,r5,r5,,,,,,,,,,r5,,,r5,r5,r5,r5,,,,,,,,,,,,,,,,,,,,,,,,
64,,,,,,s88,,,,,,,,,,,,,,,,,,,,,,s67,s68,,,,,,,,,,,,,,,,,,,,,,,,,,,,,,
65,,,,,,,,s89,,,,,,,,,,,,,,,,,,,,,,,,,,,,,,,,,,,,,,,,,,,,,,,,,,,
66,r14,,,r14,r14,,,,,,,r14,r14,r14,r14,r14,r14,r14,,,,,,,,,,,,,,,,,,,,,,,,,,,,,,,,,,,,,,,,,
67,s25,s45,,,,,,,,,,,,,,,,,s47,,,,,,,,,,s43,,,s42,s48,s49,s50,,,,,,,,,,,,46,,,,,,,,,,90,41,44
68,s25,s45,,,,,,,,,,,,,,,,,s47,,,,,,,,,,s43,,,s42,s48,s49,s50,,,,,,,,,,,,46,,,,,,,,,,91,41,44
69,s25,s45,,,,,,,,,,,,,,,,,s47,,,,,,,,,,s43,,,s42,s48,s49,s50,,,,,,,,,,,,46,,,,,,,,,,,92,44
70,s25,s45,,,,,,,,,,,,,,,,,s47,,,,,,,,,,s43,,,s42,s48,s49,s50,,,,,,,,,,,,46,,,,,,,,,,,93,44
71,,,r50,,,r50,,,,,,,,,,,,,,r50,r50,r50,r50,r50,r50,r50,r50,r50,r50,r50,r50,,,,,,,,,,,,,,,,,,,,,,,,,,,,
72,,,r51,,,r51,,,,,,,,,,,,,,r51,r51,r51,r51,r51,r51,r51,r51,r51,r51,r51,r51,,,,,,,,,,,,,,,,,,,,,,,,,,,,
73,,,s94,,,,,,,,,,,,,,,,,,,,,,,,,s67,s68,,,,,,,,,,,,,,,,,,,,,,,,,,,,,,
74,,,r23,,,r23,r23,,r23,,,,,,,,,,,r23,r23,r23,r23,r23,r23,r23,r23,r23,r23,r23,r23,,,,,,,,,,,,,,,,,,,,,,,,,,,,
75,s25,,,s9,,,,,,,,s18,,s19,s20,s21,s22,s23,,,,,,,,,,,,,,,,,,,,,24,,,,,,,95,17,,,,,,,,,,,,
76,s25,s45,,,,,,,,,,,,,,,,,s47,,,,,,,,,,s43,,,s42,s48,s49,s50,,,,,,,,,,,,46,,,,,96,54,55,56,57,40,41,44
77,s25,s45,,,,,,,,,,,,,,,,,s47,,,,,,,,,,s43,,,s42,s48,s49,s50,,,,,,,,,,,,46,,,,,,97,55,56,57,40,41,44
78,s25,s45,,,,,,,,,,,,,,,,,s47,,,,,,,,,,s43,,,s42,s48,s49,s50,,,,,,,,,,,,46,,,,,,,98,56,57,40,41,44
79,s25,s45,,,,,,,,,,,,,,,,,s47,,,,,,,,,,s43,,,s42,s48,s49,s50,,,,,,,,,,,,46,,,,,,,99,56,57,40,41,44
80,s25,s45,,,,,,,,,,,,,,,,,s47,,,,,,,,,,s43,,,s42,s48,s49,s50,,,,,,,,,,,,46,,,,,,,,,100,40,41,44
81,s25,s45,,,,,,,,,,,,,,,,,s47,,,,,,,,,,s43,,,s42,s48,s49,s50,,,,,,,,,,,,46,,,,,,,,,101,40,41,44
82,s25,s45,,,,,,,,,,,,,,,,,s47,,,,,,,,,,s43,,,s42,s48,s49,s50,,,,,,,,,,,,46,,,,,,,,,102,40,41,44
83,s25,s45,,,,,,,,,,,,,,,,,s47,,,,,,,,,,s43,,,s42,s48,s49,s50,,,,,,,,,,,,46,,,,,,,,,103,40,41,44
84,s25,,,s9,,,,,,,,s18,,s19,s20,s21,s22,s23,,,,,,,,,,,,,,,,,,,,,24,,,,,,,104,17,,,,,,,,,,,,
85,,,,,,s105,,,,,,,,,,,,,,,,,,,,,,,,,,,,,,,,,,,,,,,,,,,,,,,,,,,,,
86,,,,,,r27,,,,,,,,,,,,,,s76,,,,,,,,,,,,,,,,,,,,,,,,,,,,,,,,,,,,,,,
87,s25,s45,,,,,,,,,,,,,,,,,s47,,,,,,,,,,s43,,,s42,s48,s49,s50,,,,,,,,,,,,46,,,,106,53,54,55,56,57,40,41,44
88,r9,r9,,r9,r9,r9,,,,r9,r9,r9,,r9,r9,r9,r9,r9,r9,,,,,,,,,,r9,,,r9,r9,r9,r9,,,,,,,,,,,,,,,,,,,,,,,,
89,,,,,,r8,s38,,,,,,,,,,,,,,,,,,,,,,,,,,,,,,,,,,,,107,,,,,,,,,,,,,,,,
90,,,r44,,,r44,,,,,,,,,,,,,,r44,r44,r44,r44,r44,r44,r44,r44,r44,r44,s69,s70,,,,,,,,,,,,,,,,,,,,,,,,,,,,
91,,,r45,,,r45,,,,,,,,,,,,,,r45,r45,r45,r45,r45,r45,r45,r45,r45,r45,s69,s70,,,,,,,,,,,,,,,,,,,,,,,,,,,,
92,,,r47,,,r47,,,,,,,,,,,,,,r47,r47,r47,r47,r47,r47,r47,r47,r47,r47,r47,r47,,,,,,,,,,,,,,,,,,,,,,,,,,,,
93,,,r48,,,r48,,,,,,,,,,,,,,r48,r48,r48,r48,r48,r48,r48,r48,r48,r48,r48,r48,,,,,,,,,,,,,,,,,,,,,,,,,,,,
94,,,r53,,,r53,,,,,,,,,,,,,,r53,r53,r53,r53,r53,r53,r53,r53,r53,r53,r53,r53,,,,,,,,,,,,,,,,,,,,,,,,,,,,
95,r15,,,r15,r15,,,,,,,r15,s108,r15,r15,r15,r15,r15,,,,,,,,,,,,,,,,,,,,,,,,,,,,,,,,,,,,,,,,,
96,,,r31,,,r31,,,,,,,,,,,,,,r31,s77,,,,,,,,,,,,,,,,,,,,,,,,,,,,,,,,,,,,,,
97,,,r33,,,r33,,,,,,,,,,,,,,r33,r33,s78,s79,,,,,,,,,,,,,,,,,,,,,,,,,,,,,,,,,,,,
98,,,r35,,,r35,,,,,,,,,,,,,,r35,r35,r35,r35,,,,,,,,,,,,,,,,,,,,,,,,,,,,,,,,,,,,
99,,,r36,,,r36,,,,,,,,,,,,,,r36,r36,r36,r36,,,,,,,,,,,,,,,,,,,,,,,,,,,,,,,,,,,,
100,,,r38,,,r38,,,,,,,,,,,,,,r38,r38,r38,r38,,,,,s67,s68,,,,,,,,,,,,,,,,,,,,,,,,,,,,,,
101,,,r39,,,r39,,,,,,,,,,,,,,r39,r39,r39,r39,,,,,s67,s68,,,,,,,,,,,,,,,,,,,,,,,,,,,,,,
102,,,r40,,,r40,,,,,,,,,,,,,,r40,r40,r40,r40,,,,,s67,s68,,,,,,,,,,,,,,,,,,,,,,,,,,,,,,
103,,,r41,,,r41,,,,,,,,,,,,,,r41,r41,r41,r41,,,,,s67,s68,,,,,,,,,,,,,,,,,,,,,,,,,,,,,,
104,r17,,,r17,r17,,,,,,,r17,r17,r17,r17,r17,r17,r17,,,,,,,,,,,,,,,,,,,,,,,,,,,,,,,,,,,,,,,,,
105,s25,s45,r30,,,,,,,,,,,,,,,,s47,,,,,,,,,,s43,,,s42,s48,s49,s50,,,,,,,,,,,,46,,,109,,,,,,110,40,41,44
106,,,s111,,,,,,,,,,,,,,,,,,,,,,,,,,,,,,,,,,,,,,,,,,,,,,,,,,,,,,,,
107,,,,,,r7,,,,,,,,,,,,,,,,,,,,,,,,,,,,,,,,,,,,,,,,,,,,,,,,,,,,,
108,s25,,,s9,,,,,,,,s18,,s19,s20,s21,s22,s23,,,,,,,,,,,,,,,,,,,,,24,,,,,,,112,17,,,,,,,,,,,,
109,,,s113,,,,,,,,,,,,,,,,,,,,,,,,,,,,,,,,,,,,,,,,,,,,,,,,,,,,,,,,
110,,,r29,,,,,,,,,,,,,,,,,,,,,,,,,s67,s68,,,,,,,,,,,,,,,,,,,,,,,,,,,,,,
111,,,,,,s114,,,,,,,,,,,,,,,,,,,,,,,,,,,,,,,,,,,,,,,,,,,,,,,,,,,,,
112,r16,,,r16,r16,,,,,,,r16,r16,r16,r16,r16,r16,r16,,,,,,,,,,,,,,,,,,,,,,,,,,,,,,,,,,,,,,,,,
113,s25,,,s9,,,,,,,,s18,,s19,s20,s21,s22,s23,,,,,,,,,,,,,,,,,,,,,24,,,,,,,115,17,,,,,,,,,,,,
114,r19,,,r19,r19,,,,,,,r19,r19,r19,r19,r19,r19,r19,,,,,,,,,,,,,,,,,,,,,,,,,,,,,,,,,,,,,,,,,
115,r18,,,r18,r18,,,,,,,r18,r18,r18,r18,r18,r18,r18,,,,,,,,,,,,,,,,,,,,,,,,,,,,,,,,,,,,,,,,,
